cpf_funcionario,email_login,last_login
18159083016,felipe.santos1@ifro.edu.br,2025-07-01 14:52:00
90996030824,vitor.rocha2@ifro.edu.br,2025-07-11 21:10:00
99351819093,caio.almeida3@ifro.edu.br,
32319487574,rafael.moreira4@ifro.edu.br,2025-07-22 11:26:00
60189555979,mateus.castro5@ifro.edu.br,2025-08-10 14:54:00
97465075291,carolina.moreira6@ifro.edu.br,2025-09-06 08:22:00
12768426846,mariana.castro7@ifro.edu.br,2025-09-23 07:02:00
07924402685,felipe.rocha8@ifro.edu.br,2025-08-13 04:51:00
86666176031,vitoria.farias9@ifro.edu.br,2025-07-03 01:22:00
28159013962,daniela.azevedo10@ifro.edu.br,
77412154728,eduardo.farias11@ifro.edu.br,2025-09-25 02:20:00
14852538885,ana.moreira12@ifro.edu.br,2025-06-25 18:54:00
87500474395,heloisa.barbosa13@ifro.edu.br,2025-06-11 22:34:00
53799075116,igor.barbosa14@ifro.edu.br,2025-06-05 04:00:00
61222029729,diego.farias15@ifro.edu.br,2025-06-17 19:10:00
18263304348,elisa.silva16@ifro.edu.br,2025-07-02 15:05:00
79868282880,elisa.teixeira17@ifro.edu.br,2025-08-08 22:40:00
79180588871,elisa.rodrigues18@ifro.edu.br,2025-07-20 03:23:00
80175989834,eduardo.lima19@ifro.edu.br,
83726167513,zoe.alves20@ifro.edu.br,2025-07-20 07:58:00
42731672326,elisa.rodrigues21@ifro.edu.br,
58770658948,daniel.souza22@ifro.edu.br,2025-08-08 05:16:00
26462889751,carlos.monteiro23@ifro.edu.br,
14193141705,isabela.machado24@ifro.edu.br,2025-09-29 02:36:00
24023448347,gustavo.gomes25@ifro.edu.br,2025-06-02 02:51:00
08838737167,isabela.silva26@ifro.edu.br,2025-08-09 06:54:00
26502014620,karina.machado27@ifro.edu.br,2025-08-01 17:03:00
07224704558,ursula.batista28@ifro.edu.br,2025-09-29 11:00:00
17483380141,bruno.cardoso29@ifro.edu.br,2025-07-07 20:06:00
19829657249,leonardo.rocha30@ifro.edu.br,2025-06-11 20:52:00
88909310025,heloisa.costa31@ifro.edu.br,2025-08-26 00:24:00
74071881817,vitoria.ribeiro32@ifro.edu.br,2025-06-29 00:49:00
61740931925,yuri.castro33@ifro.edu.br,
07413748477,elisa.freitas34@ifro.edu.br,2025-06-27 01:16:00
47187463319,daniel.souza35@ifro.edu.br,
84153776020,elisa.machado36@ifro.edu.br,2025-09-20 14:20:00
51505561304,nicole.cardoso37@ifro.edu.br,2025-07-29 09:18:00
64041042346,tatiane.correia38@ifro.edu.br,
83106792470,vitoria.pinto39@ifro.edu.br,2025-09-24 01:58:00
63478612213,leonardo.alves40@ifro.edu.br,2025-09-29 03:17:00
83312581535,olivia.costa41@ifro.edu.br,
64507495288,diego.carvalho42@ifro.edu.br,2025-08-22 14:14:00
64020679701,mariana.lima43@ifro.edu.br,2025-06-12 08:22:00
81718002390,helena.rodrigues44@ifro.edu.br,2025-08-14 05:14:00
14893643900,nicole.almeida45@ifro.edu.br,2025-07-06 18:51:00
38306400376,helena.tavares46@ifro.edu.br,
56563048137,helena.oliveira47@ifro.edu.br,2025-07-10 18:20:00
97923760926,joao.almeida48@ifro.edu.br,
67511253287,gustavo.araujo49@ifro.edu.br,2025-06-23 09:43:00
10141561836,karina.martins50@ifro.edu.br,2025-07-20 13:42:00
87355706360,renato.correia51@ifro.edu.br,2025-07-13 03:15:00
55459045440,diego.goncalves52@ifro.edu.br,
67272042935,rafael.alves53@ifro.edu.br,2025-06-11 04:14:00
61078852611,mariana.ribeiro54@ifro.edu.br,
32679381444,gustavo.araujo55@ifro.edu.br,
32493516438,igor.ribeiro56@ifro.edu.br,2025-08-22 05:33:00
73750431039,carlos.silva57@ifro.edu.br,
01995305520,olivia.alves58@ifro.edu.br,2025-08-12 02:36:00
52941307871,ana.moura59@ifro.edu.br,2025-06-08 16:09:00
64644604956,thiago.martins60@ifro.edu.br,2025-07-04 23:40:00
06261169572,diego.carvalho61@ifro.edu.br,2025-08-07 18:23:00
95822542821,mariana.azevedo62@ifro.edu.br,
09619239693,carlos.mendes63@ifro.edu.br,2025-06-22 22:42:00
51233080516,samuel.cardoso64@ifro.edu.br,
66578720097,juliana.ribeiro65@ifro.edu.br,
12565178800,paula.almeida66@ifro.edu.br,
86201913274,queila.santos67@ifro.edu.br,2025-08-26 06:17:00
59472487394,ursula.martins68@ifro.edu.br,2025-07-29 12:26:00
45624180578,gabriel.martins69@ifro.edu.br,2025-07-22 08:09:00
46592551732,vitoria.correia70@ifro.edu.br,2025-06-22 00:01:00
00324966850,yuri.mendes71@ifro.edu.br,
54185836949,carlos.azevedo72@ifro.edu.br,2025-09-23 02:35:00
71124640085,bruno.rodrigues73@ifro.edu.br,2025-09-04 15:23:00
80623201098,bruno.santos74@ifro.edu.br,2025-06-21 11:31:00
92841407806,vitoria.moura75@ifro.edu.br,2025-07-24 12:11:00
30154048684,igor.alves76@ifro.edu.br,2025-08-11 05:27:00
25365936877,joao.barbosa77@ifro.edu.br,
36991922001,helena.moreira78@ifro.edu.br,
01019538161,ana.costa79@ifro.edu.br,2025-07-31 07:23:00
47121345564,paulo.ferreira80@ifro.edu.br,2025-09-03 17:55:00
87490606815,larissa.goncalves81@ifro.edu.br,2025-07-03 14:37:00
26083400571,daniel.batista82@ifro.edu.br,2025-08-16 11:11:00
24337211781,samuel.azevedo83@ifro.edu.br,2025-09-11 16:58:00
05344688263,heloisa.nunes84@ifro.edu.br,
82785277493,larissa.mendes85@ifro.edu.br,2025-06-12 20:37:00
22359852353,isabela.barros86@ifro.edu.br,2025-06-22 21:51:00
44643114367,otavio.rodrigues87@ifro.edu.br,2025-09-27 12:43:00
02496036996,vitoria.farias88@ifro.edu.br,2025-09-28 20:58:00
76541636246,helena.gomes89@ifro.edu.br,2025-06-11 05:29:00
06710483238,yasmin.mendes90@ifro.edu.br,2025-09-03 15:01:00
58567326819,renato.souza91@ifro.edu.br,2025-08-07 20:32:00
66594134683,carlos.pereira92@ifro.edu.br,2025-06-18 04:52:00
78325674827,carolina.barbosa93@ifro.edu.br,2025-09-26 13:48:00
04534577691,nicole.freitas94@ifro.edu.br,
85900314491,vitor.costa95@ifro.edu.br,2025-09-27 22:58:00
82991843738,felipe.vieira96@ifro.edu.br,2025-06-11 01:31:00
27780772737,isabela.rocha97@ifro.edu.br,2025-06-14 21:05:00
74756612500,mateus.azevedo98@ifro.edu.br,2025-08-11 20:15:00
72036251557,daniela.freitas99@ifro.edu.br,
04457658485,pedro.pinto100@ifro.edu.br,2025-07-20 16:19:00
